title,date,summary,topic,source
In pics: Taliban fighters enjoy day off at amusement park,"Sat, 09 Oct 2021 17:19:27 IST","","",https://timesofindia.indiatimes.com/world/south-asia/in-pics-taliban-fighters-enjoy-day-off-at-amusement-park/photostory/86891923.cms
‘Starting a fire’: US and China enter dangerous territory over Taiwan,"Sat, 09 Oct 2021 21:57:56 IST","","",https://timesofindia.indiatimes.com/world/china/starting-a-fire-us-and-china-enter-dangerous-territory-over-taiwan/articleshow/86895853.cms
"Why Delhi, other states are staring at power crisis","Wed, 06 Oct 2021 18:41:24 IST","","",https://timesofindia.indiatimes.com/business/india-business/explained-why-india-stares-at-possible-power-crunch/articleshow/86811741.cms
Phone-tapping case: Mumbai police summon CBI chief,"Sat, 09 Oct 2021 20:31:46 IST","","",https://timesofindia.indiatimes.com/india/phone-tapping-case-mumbai-police-summon-cbi-director-subodh-jaiswal/articleshow/86895033.cms
UP violence: Union minister's son questioned for 9 hours,"Sat, 09 Oct 2021 21:09:34 IST","Union minister Ajay Mishra Teni's son Ashish was questioned today for nearly nine hours by the UP Police SIT probing the Lakhimpur Kheri violence. Ashish has maintained that he was not present in the vehicle that mowed down farmers, or at the site of the violence. However the family has admitted ownership of a vehicle that allegedly mowed down farmers at the incident site.","",https://timesofindia.indiatimes.com/india/lakhimpur-khrri-violence-union-ministers-son-questioned-for-9-hours/articleshow/86895569.cms
Covid live: Normal timings for shops in Bengal between Oct 10-20,"Fri, 08 Oct 2021 02:17:00 IST","India logged 19,740 new Covid-19 cases and 23,070 recoveries in the last 24 hours, reports the ministry of health and family welfare on Saturday. With this, the country's active caseload now stands at 2,36,643, which is the lowest in 206 days. Stay with TOI for updates from India and around the world","",https://timesofindia.indiatimes.com/india/coronavirus-live-updates-oct-8/liveblog/86854121.cms
Selectors add net bowlers to T20 World Cup team,"Sat, 09 Oct 2021 22:10:03 IST","The Indian selectors are set to add a few more players to India’s T20 World Cup team as net bowlers. The names of the bowlers are yet to be finalised but what will be interesting to see if the selectors opt for any backup for mystery spinner Varun Chakravarthy who is suffering from dodgy knees. However, according to sources pacers Umran Malik and Harshal Patel are in the reckoning to join the team after the IPL.","",https://timesofindia.indiatimes.com/sports/cricket/icc-mens-t20-world-cup/selectors-add-net-bowlers-to-t20-world-cup-team-focus-on-varun-chakravarthys-fitness/articleshow/86896140.cms
Anxiety and fear for women in Taliban stronghold,"Sat, 09 Oct 2021 20:42:11 IST","","",https://timesofindia.indiatimes.com/world/south-asia/anxiety-and-fear-for-women-in-taliban-stronghold/articleshow/86895216.cms
"Amazon Sale deals of the day: Phones, laptops & more","Sat, 09 Oct 2021 21:25:40 IST","","",https://www.gadgetsnow.com/slideshows/deals-of-the-day-in-amazon-sale-samsung-phones-lenovo-laptop-xiaomi-vacuum-cleaner-and-more/photolist/86883669.cms
Farmers plan series of protests over Lakhimpur violence,"Sat, 09 Oct 2021 14:47:41 IST","The farmer leaders on Saturday pressed for the arrest of Union minister Ajay Mishra Teni and his son Ashish Mishra over their alleged involvement in the Lakhimpur Kheri violence on October 3. The Samyukta Kisan Morcha (SKM), an umbrella body of farmer unions, said it will launch a series of protests across India if their demands are not met.","",https://timesofindia.indiatimes.com/india/arrest-mos-mishra-son-or-farmers-plan-series-of-protest-over-lakhimpur-violence/articleshow/86889573.cms
5 ‘important’ photos you must have on your phone,"Sat, 09 Oct 2021 16:44:26 IST","","",https://www.gadgetsnow.com/featured/5-important-photos-that-you-must-have-on-your-smartphone/articleshow/86891348.cms
Tata takeover: What's making Air India employees 'nervous',"Sat, 09 Oct 2021 04:49:08 IST","","",https://timesofindia.indiatimes.com/business/india-business/nervous-employees-are-on-a-wing-and-a-prayer/articleshow/86879819.cms
Microsoft faces ‘Teams trouble’ in EU,"Sat, 09 Oct 2021 13:46:22 IST","","",https://www.gadgetsnow.com/tech-news/eu-questions-microsoft-rivals-over-teams-integration-in-office/articleshow/86884784.cms
#ETimesCelebTracker: Today's 20 best celeb moments,"Sat, 09 Oct 2021 21:30:50 IST","","",https://photogallery.indiatimes.com/etimescelebtracker-from-shilpa-shetty-to-sophie-turnerhere-are-todays-20-best-celeb-moments/articleshow/86888672.cms
"India-China talks on Sunday, further disengagement within sight","Sat, 09 Oct 2021 21:57:16 IST","","",https://timesofindia.indiatimes.com/india/india-china-talks-on-sunday-further-disengagement-within-sight/articleshow/86895994.cms
Adhir Ranjan calls out politics behind Aryan Khan's arrest,"Sat, 09 Oct 2021 20:02:51 IST","Congress leader Adhir Ranjan Chowdhury on Saturday took to his Twitter handle to call out the politics behind the arrest of Shah Rukh Khan's son, Aryan Khan.","",https://timesofindia.indiatimes.com/entertainment/hindi/bollywood/news/rhea-chakraborty-languished-in-jail-now-it-is-aryan-khan-congress-leader-adhir-ranjan-chowdhury-calls-out-politics-behind-shah-rukh-khans-sons-arrest/articleshow/86894653.cms
Live: Aryan Khan files bail application in Mumbai sessions court,"Sat, 09 Oct 2021 08:29:37 IST","In a major setback for megastar Shah Rukh Khan's son Aryan Khan, a Mumbai court on Friday rejected his bail plea, and of two others who were among the 8 arrested accused in the raid on an alleged rave party on a luxury cruise ship.","",https://timesofindia.indiatimes.com/entertainment/hindi/bollywood/news/shah-rukh-khan-aryan-khan-srk-ncb-samantha-ruth-prabhu-sameer-wankhede-narcotics-control-bureau/liveblog/86883869.cms
Loss against RCB chance for players to reflect: Ponting,"Sat, 09 Oct 2021 18:41:33 IST","Having suffered a dramatic seven-wicket loss against Royal Challengers Bangalore (RCB) in their last league stage match, Delhi Capitals will look to bounce back with a win to make a direct entry into the final of IPL 2021 when they take on CSK in Qualifier 1 on Sunday.","",https://timesofindia.indiatimes.com/sports/cricket/ipl/top-stories/ipl-2021-qualifier-1-dc-vs-csk-playoffs-completely-different-our-tournament-starts-now-says-ricky-ponting/articleshow/86893245.cms
Did Elon Musk Invent Google Before Google Did? Video Suggests That He Could Have,2021-10-02 11:10:19,"Elon Musk has become one of the best-known innovators in the world. He is known as the driving force behind PayPal, SpaceX and Tesla Motors. But in the mid-90s, Musk was thinking about how we use the web. Incidentally, his first four patents centered on ideas that are now integral to the way we search and communicate online.  CEO Magazine While Larry Page and Sergey Brin introduced us to Google search, in 1998, Elon Musk had ideated about creating a search engine long before its eventual incepti",news,indiatimes.com
Elon Musk: The THREE questions investors should ask as Tesla CEO prompts SHIB surge,2021-10-08 23:09:15,"Elon Musk, the billionaire CEO of electric car manufacturers Tesla, has caused ripples through the cryptocurrency market again. On Monday, he posted a picture of his new Shiba Inu puppy, Floki Funkpuppy, boosting the token of the same name and inspiring a new addition that has already started flying. His inspiration has helped many novice investors try their hand at cryptocurrencies, but also led experts to ask questions.Mr Musk's ongoing influence underlines the inherent volatility behind altco",finance,express.co.uk
"Elon Musk Posts Puppy Floki In A Tesla, SHIB Coin Surges 30%",2021-10-04 17:37:35,"A Twitter post of Elon Musk's Shiba Inu dog has caused the cryptocurrency of the same name to soar 30% on Monday.On Sunday night, Musk posted the picture of his pup Floki in the front trunk of a Tesla, causing not only the Shiba Inu coin to jump but also Dogecoin to spike a short-lived 7.5 centsFloki Frunkpuppy pic.twitter.com/xAr8T0Jfdf— Elon Musk (@elonmusk) October 4, 2021 Musk brought home Floki on Sept. 12 in a Twitter post after declaring in June that he was getting a Shiba Inu dog, the ma",news,ibtimes.com
"Cryptocurrency named after Elon Musk's dog surges 2,400 percent",2021-10-06 15:28:33,"Fans of Elon Musk made a cryptocurrency named after his dog — and it's up 2,400 percent. 



Flokinomics, a dogecoin knockoff that started trading on Sunday, was going for $0.000002254 early Wednesday, according to CoinMarketCap data. While that might not sound like a lot, it's a 2,400 percent increase in value over the previous 24 hours.



'WE $FLOKIN DID IT,' declared a Twitter account for the cryptocurrency. 



Flokinomics is named after Elon Musk's dog, Floki. 



Floki is a Shiba Inu — th",news,nypost.com
‘Starting a fire’: US and China enter dangerous territory over Taiwan,"Sat, 09 Oct 2021 21:57:56 IST","","",https://timesofindia.indiatimes.com/world/china/starting-a-fire-us-and-china-enter-dangerous-territory-over-taiwan/articleshow/86895853.cms
"Why Delhi, other states are staring at power crisis","Wed, 06 Oct 2021 18:41:24 IST","","",https://timesofindia.indiatimes.com/business/india-business/explained-why-india-stares-at-possible-power-crunch/articleshow/86811741.cms
Phone-tapping case: Mumbai police summon CBI chief,"Sat, 09 Oct 2021 20:31:46 IST","","",https://timesofindia.indiatimes.com/india/phone-tapping-case-mumbai-police-summon-cbi-director-subodh-jaiswal/articleshow/86895033.cms
UP violence: Union minister's son questioned for 9 hours,"Sat, 09 Oct 2021 21:09:34 IST","Union minister Ajay Mishra Teni's son Ashish was questioned today for nearly nine hours by the UP Police SIT probing the Lakhimpur Kheri violence. Ashish has maintained that he was not present in the vehicle that mowed down farmers, or at the site of the violence. However the family has admitted ownership of a vehicle that allegedly mowed down farmers at the incident site.","",https://timesofindia.indiatimes.com/india/lakhimpur-khrri-violence-union-ministers-son-questioned-for-9-hours/articleshow/86895569.cms
Covid live: Normal timings for shops in Bengal between Oct 10-20,"Fri, 08 Oct 2021 02:17:00 IST","India logged 19,740 new Covid-19 cases and 23,070 recoveries in the last 24 hours, reports the ministry of health and family welfare on Saturday. With this, the country's active caseload now stands at 2,36,643, which is the lowest in 206 days. Stay with TOI for updates from India and around the world","",https://timesofindia.indiatimes.com/india/coronavirus-live-updates-oct-8/liveblog/86854121.cms
Selectors add net bowlers to T20 World Cup team,"Sat, 09 Oct 2021 22:10:03 IST","The Indian selectors are set to add a few more players to India’s T20 World Cup team as net bowlers. The names of the bowlers are yet to be finalised but what will be interesting to see if the selectors opt for any backup for mystery spinner Varun Chakravarthy who is suffering from dodgy knees. However, according to sources pacers Umran Malik and Harshal Patel are in the reckoning to join the team after the IPL.","",https://timesofindia.indiatimes.com/sports/cricket/icc-mens-t20-world-cup/selectors-add-net-bowlers-to-t20-world-cup-team-focus-on-varun-chakravarthys-fitness/articleshow/86896140.cms
"Amazon Sale deals of the day: Phones, laptops & more","Sat, 09 Oct 2021 21:25:40 IST","","",https://www.gadgetsnow.com/slideshows/deals-of-the-day-in-amazon-sale-samsung-phones-lenovo-laptop-xiaomi-vacuum-cleaner-and-more/photolist/86883669.cms
Anxiety and fear for women in Taliban stronghold,"Sat, 09 Oct 2021 20:42:11 IST","","",https://timesofindia.indiatimes.com/world/south-asia/anxiety-and-fear-for-women-in-taliban-stronghold/articleshow/86895216.cms
5 ‘important’ photos you must have on your phone,"Sat, 09 Oct 2021 16:44:26 IST","","",https://www.gadgetsnow.com/featured/5-important-photos-that-you-must-have-on-your-smartphone/articleshow/86891348.cms
Farmers plan series of protests over Lakhimpur violence,"Sat, 09 Oct 2021 14:47:41 IST","The farmer leaders on Saturday pressed for the arrest of Union minister Ajay Mishra Teni and his son Ashish Mishra over their alleged involvement in the Lakhimpur Kheri violence on October 3. The Samyukta Kisan Morcha (SKM), an umbrella body of farmer unions, said it will launch a series of protests across India if their demands are not met.","",https://timesofindia.indiatimes.com/india/arrest-mos-mishra-son-or-farmers-plan-series-of-protest-over-lakhimpur-violence/articleshow/86889573.cms
Microsoft faces ‘Teams trouble’ in EU,"Sat, 09 Oct 2021 13:46:22 IST","","",https://www.gadgetsnow.com/tech-news/eu-questions-microsoft-rivals-over-teams-integration-in-office/articleshow/86884784.cms
Tata takeover: What's making Air India employees 'nervous',"Sat, 09 Oct 2021 04:49:08 IST","","",https://timesofindia.indiatimes.com/business/india-business/nervous-employees-are-on-a-wing-and-a-prayer/articleshow/86879819.cms
#ETimesCelebTracker: Today's 20 best celeb moments,"Sat, 09 Oct 2021 21:30:50 IST","","",https://photogallery.indiatimes.com/etimescelebtracker-from-shilpa-shetty-to-sophie-turnerhere-are-todays-20-best-celeb-moments/articleshow/86888672.cms
"India-China talks on Sunday, further disengagement within sight","Sat, 09 Oct 2021 21:57:16 IST","","",https://timesofindia.indiatimes.com/india/india-china-talks-on-sunday-further-disengagement-within-sight/articleshow/86895994.cms
Adhir Ranjan calls out politics behind Aryan Khan's arrest,"Sat, 09 Oct 2021 20:02:51 IST","Congress leader Adhir Ranjan Chowdhury on Saturday took to his Twitter handle to call out the politics behind the arrest of Shah Rukh Khan's son, Aryan Khan.","",https://timesofindia.indiatimes.com/entertainment/hindi/bollywood/news/rhea-chakraborty-languished-in-jail-now-it-is-aryan-khan-congress-leader-adhir-ranjan-chowdhury-calls-out-politics-behind-shah-rukh-khans-sons-arrest/articleshow/86894653.cms
Live: Aryan Khan files bail application in Mumbai sessions court,"Sat, 09 Oct 2021 08:29:37 IST","In a major setback for megastar Shah Rukh Khan's son Aryan Khan, a Mumbai court on Friday rejected his bail plea, and of two others who were among the 8 arrested accused in the raid on an alleged rave party on a luxury cruise ship.","",https://timesofindia.indiatimes.com/entertainment/hindi/bollywood/news/shah-rukh-khan-aryan-khan-srk-ncb-samantha-ruth-prabhu-sameer-wankhede-narcotics-control-bureau/liveblog/86883869.cms
Loss against RCB chance for players to reflect: Ponting,"Sat, 09 Oct 2021 18:41:33 IST","Having suffered a dramatic seven-wicket loss against Royal Challengers Bangalore (RCB) in their last league stage match, Delhi Capitals will look to bounce back with a win to make a direct entry into the final of IPL 2021 when they take on CSK in Qualifier 1 on Sunday.","",https://timesofindia.indiatimes.com/sports/cricket/ipl/top-stories/ipl-2021-qualifier-1-dc-vs-csk-playoffs-completely-different-our-tournament-starts-now-says-ricky-ponting/articleshow/86893245.cms
"Covid live: India resumes vaccine exports as domestic stocks build up, say officials","Tue, 12 Oct 2021 05:23:22 IST","India on Wednesday reported 15,283 Covid cases — a slight increase from Tuesday — and 226 deaths, according to the Union health ministry. Active cases have further declined to 2,07,653. Stay with TOI for latest updates","",https://timesofindia.indiatimes.com/india/coronavirus-live-updates-october-12/liveblog/86954361.cms
NCB vs Aryan's lawyer: How arguments unfolded in court,"Wed, 13 Oct 2021 15:04:33 IST","The Narcotics Control Bureau on Wednesday opposed the bail plea filed by Aryan Khan, son of Bollywood superstar Shah Rukh Khan, saying the probe so far has revealed his role in the conspiracy and illicit procurement and consumption of drugs. Aryan was arrested earlier this month in connection with the seizure of banned drugs onboard a cruise ship off the Mumbai coast.","",https://timesofindia.indiatimes.com/entertainment/hindi/bollywood/news/drugs-case-key-points-aryan-played-an-active-part-in-illicit-drug-chain-says-ncb/articleshow/86989565.cms
IPL Qualifier 2 Live: Kolkata restrict Delhi to 135/5,"Wed, 13 Oct 2021 14:30:55 IST","Kolkata Knight Riders skipper Eoin Morgan won the toss and decided to field first against Delhi Capitals in the Qualifier 2 of the IPL 2021 in Sharjah. The second qualifier between Kolkata Knight Riders and Delhi Capitals will be a test of nerves for the players who are supposed to carry Indian cricket forward. Stay with TOI to get IPL live score, scorecard, highlights and ball by ball score updates of IPL match between Kolkata Knight Riders and Delhi Capitals.","",https://timesofindia.indiatimes.com/sports/cricket/ipl/live-blog/kolkata-knight-riders-vs-delhi-capitals-kkr-vs-dc-live-score-ipl-2021-uae/liveblog/86989219.cms
"Former PM Manmohan Singh admitted to AIIMS, stable","Wed, 13 Oct 2021 19:18:33 IST","Former Prime Minister Manmohan Singh was on Wednesday evening admitted to All India Institute of Medical Sciences (AIIMS) in Delhi. Singh had complained of weakness following a fever, said sources. Singh had complained of weakness following a fever, said sources. AIIMS officials confirmed the same and added that the former PM's condition is stable.","",https://timesofindia.indiatimes.com/india/former-pm-manmohan-singh-admitted-to-aiims/articleshow/86994995.cms
Three more Rafale fighters touch down at Jamnagar airbase,"Wed, 13 Oct 2021 21:04:59 IST","Three more French-origin Rafale fighters touched down at the Jamnagar airbase in India, after mid-air refueling by tankers of France and UAE, on Wednesday night. The omni-role Rafales are armed with long stand-off weapons like the over 300-km range 'Scalp' air-to-ground cruise missiles. The fighters are also equipped with the top-notch Meteor air-to-air missiles.","",https://timesofindia.indiatimes.com/india/three-more-rafale-fighters-touch-down-at-jamnagar-airbase/articleshow/86996896.cms
T20 WC: Shardul replaces Axar in Team India's squad,"Wed, 13 Oct 2021 17:19:57 IST","India added pace bowler Shardul Thakur to their Twenty20 World Cup squad while all-rounder Axar Patel was dropped out of the 15-man side and into a list of stand-by players, the country's cricket board (BCCI) said in a statement on Wednesday. Inaugural T20 World Cup champions India begin their bid for a second title in a Super 12 match in Dubai against arch-rivals Pakistan on October 24.","",https://timesofindia.indiatimes.com/sports/cricket/icc-mens-t20-world-cup/t20-world-cup-shardul-thakur-replaces-axar-patel-in-team-indias-squad/articleshow/86992456.cms
Explained: Why govt did not sell Alliance Air with Air India,"Wed, 13 Oct 2021 19:26:14 IST","The government plans to sell Air India’s regional arm separately, days after Tata Sons emerged as the highest bidder for the parent carrier in an auction that didn’t include the unit, underscoring Prime Minister Narendra Modi’s attempts to steer the state away from involvement in private-sector business.","",https://timesofindia.indiatimes.com/business/india-business/govt-expedites-asset-sales-with-regional-airline-on-block/articleshow/86995233.cms
Deals of the day on Amazon: Samsung phone & more,"Wed, 13 Oct 2021 16:41:13 IST","","",https://www.gadgetsnow.com/slideshows/deals-of-the-day-in-amazon-sale-samsung-smartphone-lenovo-laptop-oneplus-smart-tv-and-more/photolist/86990362.cms
IPL Live Score: Kolkata Knight Riders vs Delhi Capitals,"Wed, 13 Oct 2021 14:25:50 IST","Check today's IPL match live score, scorecard, ball by ball commentary and highlights of match between Kolkata Knight Riders and Delhi Capitals","",https://timesofindia.indiatimes.com/sports/cricket/ipl/live-blog/kkr-vs-dc-live-ipl-score-today-match-2021-kolkata-knight-riders-vs-delhi-capitals/liveblog/86989111.cms
Live: Aryan Khan's bail plea hearing to continue tomorrow,"Wed, 13 Oct 2021 08:13:17 IST",Shah Rukh Khan and Gauri Khan’s son Aryan Khan was arrested on October 2 along with seven others after the NCB raided an alleged rave party on a cruise ship. A Mumbai court on Friday rejected Aryan’s bail plea after which he was sent to Arthur Jail. Follow us to know all the live updates!,"",https://timesofindia.indiatimes.com/entertainment/hindi/bollywood/news/shah-rukh-khan-aryan-khan-gauri-khan-suhana-khan-arbaaz-merchant-mumbai-cruise-drug-party/liveblog/86982825.cms
Amazon to make this 'change' in work-from-home rule,"Wed, 13 Oct 2021 15:45:33 IST","","",https://www.gadgetsnow.com/tech-news/amazon-is-making-this-change-in-work-from-home-for-employees/articleshow/86990460.cms
Why Windows 11 has strict hardware requirements,"Wed, 13 Oct 2021 09:11:08 IST","","",https://www.gadgetsnow.com/tech-news/this-is-why-windows-11-has-such-strict-hardware-requirements/articleshow/86983597.cms
"Faceoff: Rajnath hails Veer Savarkar, divides Twitter","Wed, 13 Oct 2021 18:59:05 IST","Hailing Veer Savarkar as a staunch nationalist and India's first military strategist in the 20th century, Defence Minister Rajnath Singh on Tuesday said it was on Mahatma Gandhi's request that he wrote mercy petitions to the British and people from the Marxist and Leninist ideology wrongly accuse him of being a fascist.","",https://timesofindia.indiatimes.com/india/faceoff-rajnath-hails-veer-savarkar-divides-twitter/articleshow/86994482.cms
India strongly rejects China's objection to Naidu's Arunachal visit,"Wed, 13 Oct 2021 16:45:32 IST","","",https://timesofindia.indiatimes.com/india/india-strongly-rejects-chinas-objection-to-vice-president-naidus-arunachal-visit/articleshow/86990912.cms
'Amazon copied products to promote own brands',"Wed, 13 Oct 2021 18:40:37 IST",Amazon has been repeatedly accused of knocking off products it sells on its website and of exploiting its vast trove of internal data to promote its own merchandise at the expense of other sellers. The company has denied the accusations.,"",https://timesofindia.indiatimes.com/business/international-business/amazon-copied-products-rigged-search-results-to-promote-its-own-brands-report/articleshow/86994486.cms
"They have learnt a lesson, suffered enough: Aryan's lawyer","Wed, 13 Oct 2021 18:57:30 IST","Aryan Khan's bail hearing has been adjourned for tomorrow by the Mumbai court. During the hearing today in the special court, the lawyer representing Aryan Khan argued that the star kid was not involved in any sale or purchase of any illegal substances.","",https://timesofindia.indiatimes.com/entertainment/hindi/bollywood/news/aryan-khans-lawyer-amit-desai-they-have-learnt-lesson-they-have-suffered-enough/articleshow/86994711.cms
Lakhimpur violence case live: Ashish Mishra denied bail,"Tue, 12 Oct 2021 07:30:53 IST","Earlier in the day, a delegation of Congress leaders, including former party president Rahul Gandhi, met President Ram Nath Kovind on Wednesday and presented a memorandum of facts on the Lakhimpur Kheri violence case. Police have so far arrested four people in connection with the case -- Ashish Mishra, Luvkush, Ashish Pandey and Bharti. Stay with TOI for all the latest updates:","",https://timesofindia.indiatimes.com/city/lucknow/lakhimpur-kheri-violence-ashish-mishra-live-updates/liveblog/86955370.cms
"Live: No need to speak to me through media, have honest discussion, says Sonia","Sat, 16 Oct 2021 07:55:59 IST",Stay here for real-time updates on breaking news from India and across the world that you can't miss:,"",https://timesofindia.indiatimes.com/india/breaking-news-live-updates-october-16/liveblog/87054213.cms
"I am full-time Cong president, says Sonia: Key points","Sat, 16 Oct 2021 11:04:26 IST","Congress interim President Sonia Gandhi on Saturday morning chaired the Congress Working Committee (CWC) meeting to hold a discussion on key issues such as organisational elections, forthcoming assembly polls and the current political situation at the first physical meeting of the party's working committee since the Covid outbreak.","",https://timesofindia.indiatimes.com/india/congress-working-committee-meets-to-discuss-organizational-polls-political-situation-key-points/articleshow/87056744.cms
Rahul Dravid appointed head coach till 2023,"Sat, 16 Oct 2021 12:06:11 IST","In one of the biggest developments in Indian cricket, Rahul Dravid has agreed to become the coach of the Indian senior team on Friday during the IPL final. The development happened in Dubai when BCCI president Sourav Ganguly and secretary Jay Shah held a meeting with Dravid and persuaded him to become the coach of the Indian team after the T20 World Cup in UAE.","",https://timesofindia.indiatimes.com/sports/cricket/ipl/top-stories/rahul-dravid-appointed-head-coach-paras-mhambrey-bowling-coach-till-2023/articleshow/87051670.cms
"We are like RSS, Uddhav Thackeray says","Sat, 16 Oct 2021 04:40:00 IST","Demanding an end to “interference” by the Central government in day-to-day functioning, chief minister Uddhav Thackeray has called for an open debate on the federal structure to sharply define Centre-state ties within the broad framework of the Constitution.","",https://timesofindia.indiatimes.com/city/mumbai/mumbai-uddhav-flaunts-his-hindutva-colours-says-we-are-like-rss/articleshow/87049950.cms
6 CRPF jawans injured in accidental blast at Raipur rly stn,"Sat, 16 Oct 2021 10:41:07 IST","The incident took place around 6.30 am when jawans were shifting boxes of detonators set, fell on the floor.","",https://timesofindia.indiatimes.com/city/raipur/six-crpf-jawans-injured-in-accidental-blast-at-raipur-railway-station/articleshow/87056438.cms
Singhu border killing: Victim father of three girls,"Sat, 16 Oct 2021 04:57:00 IST","Lakhbir Singh, whose body was found at the site where the farmers are protesting at Singhu border on Friday, was the father of three daughters and had a troubled married life.","",https://timesofindia.indiatimes.com/city/delhi/victim-father-of-three-girls-relatives-seek-financial-help/articleshow/87050505.cms
"Amazon sale: Smartwatches available under Rs 10,000","Sat, 16 Oct 2021 10:36:11 IST","","",https://www.gadgetsnow.com/slideshows/amazon-sale-smartwatches-from-realme-xiaomi-noise-and-other-brands-available-under-rs-10000/photolist/87055320.cms
Drug case live: 'NCB interested to catch celebrity',"Fri, 15 Oct 2021 08:15:13 IST",Shah Rukh and Gauri Khan’s son Aryan was arrested on October 3 with 7 others after the NCB raided an alleged rave party on a cruise. The star son is currently lodged at Arthur Road Jail and his bail order will be pronounced on October 20.,"",https://timesofindia.indiatimes.com/entertainment/hindi/bollywood/news/shah-rukh-khan-gauri-khan-aryan-khan-drugs-sameer-wankhede-dussehra-bollywood/liveblog/87034694.cms
Live: Active Covid cases in India lowest in 218 days,"Fri, 15 Oct 2021 05:26:22 IST","India has reported 15,981 new Covid-19 cases and 166 deaths in 24 hours, a Union health ministry bulletin stated on Saturday. ​India currently has 2,01,632 active cases, ​the lowest in 218 days. Recovery rate in the country currently stands at 98.08%, the highest since March 2020.","",https://timesofindia.indiatimes.com/india/coronavirus-live-updates-october-15/liveblog/87033415.cms
Apple sacks the leader of the #AppleToo movement,"Sat, 16 Oct 2021 09:23:24 IST","","",https://www.gadgetsnow.com/tech-news/apple-sacks-the-leader-of-the-appletoo-movement-for-deleting-these-apps/articleshow/87055277.cms
AIIMS doc alleges rape by senior at birthday party,"Sat, 16 Oct 2021 04:32:00 IST",A junior resident doctor of All India Institute of Medical Sciences (AIIMS) has alleged sexual assault by a senior resident doctor. Senior police officers said the incident allegedly took place in September during a birthday party outside the campus. The suspect is absconding.,"",https://timesofindia.indiatimes.com/city/delhi/aiims-doctor-alleges-rape-by-senior-at-birthday-party/articleshow/87049698.cms
' We got Fardeen Khan bail within three days',"Sat, 16 Oct 2021 10:58:09 IST","Advocate Ayaz Khan who has handled Fardeen Khan and Bharti Singh’s cases against the Narcotics Control Bureau (NCB) speaks to ETimes about Aryan Khan’s case. He reveals how he handled things differently with Fardeen and Bharti and how his strategy resulted in both parties getting bail within a few days. Drawing parallels between Aryan Khan’s case and the ones he’s handled in the past, Ayaz tells us how things could have been handled differently in Aryan’s case. Excerpts:","",https://timesofindia.indiatimes.com/entertainment/hindi/bollywood/news/lawyer-ayaz-khan-on-aryan-khans-case-we-got-fardeen-khan-bail-within-three-days-thanks-to-our-strategy/articleshow/87056668.cms
How to transfer money via UPI with no internet,"Sat, 16 Oct 2021 09:49:54 IST","","",https://www.gadgetsnow.com/how-to/how-to-transfer-money-through-upi-when-your-internet-is-not-working/articleshow/86832882.cms
Sasikala signals her return to politics,"Sat, 16 Oct 2021 11:45:07 IST","","",https://timesofindia.indiatimes.com/city/chennai/sasikala-visits-jayalalithaa-memorial-signals-her-comeback-to-active-politics/articleshow/87057332.cms
45 dogs dead: Activist files complaint against IIT-M,"Sat, 16 Oct 2021 09:00:10 IST","At least 45 dogs that had been kept confined by the IIT Madras management in some ‘enclosures’ have died. Following the deaths, a police complaint was lodged against IIT-M registrar Jane Prasad and others by animal activist Harish of Bangalore on Friday.","",https://timesofindia.indiatimes.com/city/chennai/45-dogs-dead-activist-files-complaint-against-iit-madras/articleshow/87055000.cms
B'luru doc cycles around K'taka in 119 hours,"Sat, 16 Oct 2021 00:16:32 IST",Heavy rain at the 6am flag-off at Vidhana Soudha on October 8 indicated to ultra-cyclist Dr Srinivas Gokulnath what was in store during the Race Across Karnataka (RAKA) that he was embarking on. But by the time he returned to Vidhana Soudha at 5.,"",https://timesofindia.indiatimes.com/city/bengaluru/bluru-doc-cycles-across-karnataka-in-119-hours/articleshow/87049132.cms
IPL 2021: Dhoni's CSK beat KKR to lift 4th IPL title,"Sat, 16 Oct 2021 08:36:34 IST","The ‘daddies’ justified the captain’s theory time and again over the next four years and Dubai on Friday, became their platform to sign off with a bang. Probably playing together for the last time together before a new auction next season, the super seniors of CSK played a match straight out of the dreams to beat Kolkata Knight Riders and give the skipper his fourth IPL title.","",https://timesofindia.indiatimes.com/sports/cricket/ipl/top-stories/ipl-2021-ms-dhonis-chennai-super-kings-knock-off-kolkata-knight-riders-to-lift-fourth-ipl-title/articleshow/87054738.cms
Congress likely to get new party president in September 2022; Sonia Gandhi to hold post till then,2021-10-16T07:13:00+00:00,Sonia Gandhi was appointed party's interim president in 2019 after Rahul Gandhi had relinquished the post following the defeat in the Lok Sabha polls that year.,business,The Financial Express
"Johnson & Johnson puts talc liabilities into bankruptcy, offloads debts into newly-created arm",2021-10-16T07:03:11+00:00,"Johnson & Johnson on Thursday put into bankruptcy tens of thousands of legal claims alleging its Baby Powder and other talc-based products caused cancer, offloading the potential liabilities into a newly-created subsidiary.",business,Zee Business
Rs 1 crore Guaranteed Income Life Insurance Plan: How much premium you need to pay,2021-10-16T07:02:25+00:00,"Guaranteed Income Plan in Life Insurance: The premium to be paid in a term plan is less. However, as the savings component is involved, you need to pay a very high premium in a guaranteed income plan",business,The Financial Express
“An incredible story of second chances”: Larry Miller confesses to murdering teen at age 16,2021-10-16T07:02:20+00:00,"&#8220;It was eating me up inside,&#8221; he said. In an interview with Sports Illustrated, Larry Miller, chairman of the Jordan Brand, discussed the 1965 murder. &#8220;It was eating me up inside,&#8221; he said of his actions at age 16, when he was &#8220;a straight-up gangbanger&#8221;. Mr Miller was sentenced to prison for the crime. He [&#8230;]The post &#8220;An incredible story of second chances&#8221;: Larry Miller confesses to murdering teen at age 16 appeared first on Revyuh.",business,Revyuh Media
Johnson’s Coal-and-Cash Climate Goals Are Slipping Out of Reach,2021-10-16T07:00:46+00:00,"(Bloomberg) &#8212; Boris Johnson has said his priorities at COP26 will be ending coal power and raising climate cash. Two weeks out from the start of negotiations in Glasgow, Scotland, the signs aren&#8217;t looking good. The latest exhibit: a meeting of Group of 20 officials on Friday that aimed to start hashing out an agreement [&#8230;]",business,Financial Post | Canada Business News
Is Hunter Biden’s art project painting the president into an ethical corner?,2021-10-16T07:00:12+00:00,"The sale of artwork by Joe Biden’s son – a novice artist – could generate up to half a million dollars. Critics say it is an open door to influence-peddlingIt was another starry night in Hollywood. In a white-walled room at the Milk Studios art gallery, where a lone violinist played before a projected animation, musician Moby, artist Shepard Fairey and Los Angeles mayor Eric Garcetti reportedly mingled with about 200 guests.On display were artworks that combine canvas, yupo paper, wood and metal with oil, acrylic, ink and the written word. Organizers hope they will sell for up to half a...",politics,The Guardian
"Petrol, diesel price hiked again; diesel nears Rs 100-mark in Goa, Bengaluru",2021-10-16T06:56:00+00:00,"Prior to that, the petrol price was increased by Rs 11.44 a litre between May 4 and July 17. Diesel rate had gone up by Rs 9.14 a litre during this period.",business,The Financial Express
"IT Dept unearths import under-invoicing, tax evasion by laptop firm",2021-10-16T06:50:08+00:00,The evidences found and seized during the course of the search reveal that the payments for such under-invoiced goods to foreign consigners have been made through hawala channels.,business,Business Today | Latest Stock Market And Economy News India
"Rupee under pressure: Check causes, factors responsible | What should exporters, importers do - Expert's opinion",2021-10-16T06:45:45+00:00,"Abhishek Goenka, Founder & CEO IFA Global, shares his knowledge and answers a number of questions about why is rupee under pressure, causes and factors responsible and what should exporters, importers amid falling value of the Indian rupee.",business,Zee Business
"Coronavirus in children: Kids of all age equally capable of carrying high viral loads, confirms study; What it means",2021-10-16T06:41:00+00:00,"A study published in Journal of Infectious Diseases, and accessed by Financial Express Online, looked at 110 children aged between two weeks and 21 years.",business,The Financial Express
"Former US President Bill Clinton &#039;doing fine&#039;, will be out of hospital soon",2021-10-16T06:35:09+00:00,"Clinton, 75, was admitted to the University of California Irvine Medical Center, southeast of Los Angeles, on Tuesday with an infection unrelated to COVID-19, his spokesman said.",business,Business Today | Latest Stock Market And Economy News India
NASA Says Space Station Had Loss of Control From Thruster Glitch,2021-10-16T06:21:38+00:00,NASA Says Space Station Had Loss of Control From Thruster Glitch,business,Bloomberg | Latest And Live Business
Elizabeth II gave up drinking,2021-10-16T06:15:57+00:00,"The 95-year-old queen is not a heavy drinker but has been known to indulge in a glass or two in the evenings and at special events. While the advice is stated to be preventative in nature and not based on specific health concerns, it is believed that she wants to remain in the best possible [&#8230;]The post Elizabeth II gave up drinking appeared first on Revyuh.",business,Revyuh Media
"India records 15,981 COVID-19 cases, 166 fatalities in a day",2021-10-16T06:03:48+00:00,"According to the Union Health Ministry’s data, India recorded 15,981 COVID-19 cases in a day, taking the infection tally to 3,40,53,573 while 166 more fatalities pushed the death toll to 4,51,980.",business,Zee Business
"‘I am full-time, hands-on Congress president….no need to speak to me through media’: Sonia Gandhi at CWC meet",2021-10-16T06:03:00+00:00,A total of 52 Congress leaders took part in the Congress Working Committee meeting.,business,The Financial Express
Manufacturers squeezed as container scarcity hits raw materials supply,2021-10-16T06:00:36+00:00,"Manufacturers in Nigeria that depend on machineries, spare parts, chemicals, and other raw materials from China and India say they are finding it extremely difficult to source their critical production inputs due to the disruption in the global supply chain caused by container scarcity. They say it now takes longer than usual to be able [&#8230;]",business,Businessday | News You Can Trust
11 schoolchildren drown in Indonesia,2021-10-16T05:53:42+00:00,Officials stated Saturday that eleven kids drowned and ten others were rescued during a school outing for a river cleanup in Indonesia&#8217;s West Java Province. Local officials reported 150 students from an Islamic junior high school were cleaning up along the banks of the Cileueur River on Friday when 21 of them fell into the [&#8230;]The post 11 schoolchildren drown in Indonesia appeared first on Revyuh.,business,Revyuh Media
"Petrol, diesel prices today: Fuel rates hiked again for third consecutive day by 35 paise a litre",2021-10-16T05:47:05+00:00,The price of petrol in Delhi surged to its highest-ever level of Rs 105.49 a litre and Rs 111.43 per litre in Mumbai. ,business,Zee Business
SEC likely to allow Bitcoin futures ETF to trade next week: Reports,2021-10-16T05:40:18+00:00,SEC likely to allow Bitcoin futures ETF to trade next week: Reports,business,Investing.com | Stock Market Quotes &amp; Financial News
Dollar's five-week winning streak ends as risk sentiment rebounds,2021-10-16T05:37:22+00:00,"The dollar edged lower against a basket of major currencies on Friday, on track to end its five-week winning streak, as global risk appetite rebounded, helping reduce demand for the safe-haven currency.",business,Zee Business
The NFT Mania Rages on As Sales Surge in Q3,2021-10-16T05:30:44+00:00,The NFT Mania Rages on As Sales Surge in Q3,business,Investing.com | Stock Market Quotes &amp; Financial News
Bitcoin Makes Run Toward Record High Amid ETF Exuberance,2021-10-16T05:28:40+00:00,Bitcoin Makes Run Toward Record High Amid ETF Exuberance,business,Bloomberg | Latest And Live Business
Chhattisgarh: Ganja smuggler runs vehicle over religious procession in Jashpur; horrifying video goes viral,2021-10-16T05:27:00+00:00,Chhattisgarh CM Bhupesh Baghel today announced compensation for the kins of the deceased.,business,The Financial Express
Travel Curbs Easing; China Halts Some Flights: Virus Update,2021-10-16T05:24:02+00:00,Travel Curbs Easing; China Halts Some Flights: Virus Update,business,Bloomberg | Latest And Live Business
Nigeria lifts 7-day self-isolation for fully vaccinated passengers,2021-10-16T05:23:14+00:00,"Fully vaccinated inbound passengers to Nigeria will not be required to observe the mandatory seven-day self-isolation but will be required to do a COVID-19 PCR test on day two of arrival. This directive is contained in the revised travel protocol into Nigeria effective Monday 25th October 2021. The statement signed by Boss Mustapha, chairman of, [&#8230;]",business,Businessday | News You Can Trust
IPL 2021: Dhoni not ready to hang up his boots? Check details,2021-10-16T05:21:00+00:00,"However, when congratulated on his legacy at the Super Kings — having won four titles and reached nine finals — Dhoni purred he still hadn’t left it all behind.",business,The Financial Express
Mukesh Ambani’s Reliance Buys Stake in Bollywood Fashion House,2021-10-16T05:20:58+00:00,Mukesh Ambani’s Reliance Buys Stake in Bollywood Fashion House,business,Bloomberg | Latest And Live Business
ASIC targets pump and dump Telegram groups,2021-10-16T05:20:16+00:00,ASIC targets pump and dump Telegram groups,business,Investing.com | Stock Market Quotes &amp; Financial News
NASA to launch first space probe to study Jupiter's Trojan asteroids,2021-10-16T05:12:08+00:00,NASA to launch first space probe to study Jupiter's Trojan asteroids,business,Investing.com | Stock Market Quotes &amp; Financial News
British police says murder of lawmaker declared as a terrorist incident,2021-10-16T05:10:52+00:00,British police says murder of lawmaker declared as a terrorist incident,business,Investing.com | Stock Market Quotes &amp; Financial News
The Emerging Health Tech Hub in Nigeria (Part 1- Health Insurance),2021-10-16T05:00:28+00:00,"Despite abysmal and depreciating foreign exchange rates, unreliable standards of governance, mistrust, and obsoletion of technological advancements, and the continual lack of faith in the youth, Nigerians seem to be resolute in their strides to ensure that the country does not lag far behind in replacing archaic systems, processes, and services with more modern and [&#8230;]",business,Businessday | News You Can Trust
Spain Is Canary in the Mine for Europe’s Emerging Energy Crisis,2021-10-16T05:00:23+00:00,Spain Is Canary in the Mine for Europe’s Emerging Energy Crisis,business,Bloomberg | Latest And Live Business
BQ Learning: What's Fiscal Policy And How Does It Work?,2021-10-16T04:59:46+00:00,BQ Learning: What's Fiscal Policy And How Does It Work?,business,Bloomberg | Latest And Live Business
"Sensex climbs 61000 peaks ahead of Diwali and is set to touch 70,000 by December 2021: Experts",2021-10-16T04:58:55+00:00,"The S&P BSE Sensex has added over 13000 points to take it beyond the 61000-mark ahead of Diwali 2021, and if the momentum continues, experts see this number touching 70,000 towards the end of the year.",business,Zee Business
Return-Hungry Retail Investors Have No Time For ESG,2021-10-16T04:49:40+00:00,Return-Hungry Retail Investors Have No Time For ESG,business,Bloomberg | Latest And Live Business
"The Mutual Fund Show: Defensive Investing, Rising Interest Rates And More...",2021-10-16T04:41:27+00:00,"The Mutual Fund Show: Defensive Investing, Rising Interest Rates And More...",business,Bloomberg | Latest And Live Business
Uniswap taps former Obama campaign spokesperson to handle comms,2021-10-16T04:40:18+00:00,Uniswap taps former Obama campaign spokesperson to handle comms,business,Investing.com | Stock Market Quotes &amp; Financial News
Coronavirus India Latest Updates: Active Case Load Inches Lower Toward 2 Lakh,2021-10-16T04:38:19+00:00,Coronavirus India Latest Updates: Active Case Load Inches Lower Toward 2 Lakh,business,Bloomberg | Latest And Live Business
Delhi: Criminal wanted in murder case injured during encounter with police,2021-10-16T04:33:21+00:00,Delhi police today informed that the criminal was shot in retaliatory fire by police during the encounter and was admitted to a local hospital.,business,The Financial Express
"Evergrande's Swedish electric vehicle unit in sale talks, CEO says",2021-10-16T04:31:28+00:00,The Swedish electric vehicle unit of China Evergrande Group is in talks with U.S. and European venture capital firms and industrial partners to find new owners amid its Chinese parent battles default on more than $300 billion in debts.,business,Zee Business
"LIVE: Coronavirus cases hit 34,052,687 in India; active caseload at 201,632",2021-10-16T04:16:56+00:00,"Latest news LIVE updates: At the Congress Working Committee meet, upcoming assembly polls, Lakhimpur violence, farmers' protests are likely to be on agenda. Stay tuned for the latest news of the day",business,Business Standard
"Nifty PSU Bank, S&P BSE Momentum top performing indices this week - check other gainers",2021-10-16T04:13:41+00:00,The markets witnessed a short week as the NSE Nifty and the BSE Sensex remained closed on Friday on account of Dussehra.   ,business,Zee Business
Mann Ki Baat: PM Narendra Modi to address 82nd edition of radio programme on Oct 24,2021-10-16T04:13:22+00:00,Prime Minister Narendra Modi will address the 82nd episode of his monthly radio programme 'Mann Ki Baat' on October 24. The programme will be broadcast on the entire network of AIR and Doordarshan and also on AIR News and mobile app.,business,Zee Business
"Meet Helen Nkwocha, a dynamic female coach making history",2021-10-16T04:13:06+00:00,"Like the popular saying, &#8220;What a man can do, a woman can do much better.&#8221; This is the story of UEFA licensed soccer coach, Helen Nkwocha, an amazing female soccer coach of the men’s team. Nkwocha narrated that she never taught of becoming a football coach in her career path. But now, she is the [&#8230;]",business,Businessday | News You Can Trust
Fuel prices hiked again; diesel past Rs 94 in Delhi,2021-10-16T04:05:08+00:00,"Since the ending of a three-week-long hiatus in rate revision in the last week of September, this is the 15th increase in petrol price and the 18th time that diesel rates have gone up.",business,Business Today | Latest Stock Market And Economy News India
Finding Africa’s Next Generation Of Filmmakers: Netflix & UNESCO Launch Groundbreaking Competition In Sub-Saharan Africa,2021-10-16T02:23:04+00:00,"Netflix and UNESCO have partnered to launch an innovative short film competition on ‘African Folktales, Reimagined’ across Sub-Saharan Africa. Winners of the competition will be trained and mentored by industry professionals and provided with a US$75,000 production budget to create short films that will premiere on Netflix in 2022 as an “Anthology of African folktales”. [&#8230;]",business,Businessday | News You Can Trust
FIFA to inspect venues for 2026 World Cup,2021-10-16T02:10:52+00:00,"Following the first venue visits that took place in September, world football governing body, FIFA is scheduled to start the second leg of its inspection tour of the World Cup 2026 candidate host cities. Between October 21 and November 1, a delegation led by Concacaf president and FIFA vice president Victor Montagliani will visit Kansas [&#8230;]",business,Businessday | News You Can Trust
Everything we know about Google’s Pixel 6 and Pixel 6 Pro so far,2021-10-16T01:47:45+00:00,"Google‘s Pixel 6 and Pixel 6 Pro will officially be launched on October 19, and in typical fashion, we know a ton of details about the phones well before their release. That’s in part due to unintentional leaks, but also because Google itself has already told us a ton of information about the device’s hardware. There’s a lot to be excited about with the Pixel 6, as it seems Google is taking hardware for the first time since… well, ever. Pixel phones have always been vehicles to show off Google’s software and AI chops as opposed to hardware showcases,  but&#8230;This story continues...",technology,The Next Web
"Kenosha police 'deputized' militia ahead of deadly shooting, lawsuit claims",2021-10-16T01:41:02+00:00,"Kenosha police 'deputized' militia ahead of deadly shooting, lawsuit claims",business,Investing.com | Stock Market Quotes &amp; Financial News
Trump-backed challengers to Republican lawmakers lag in fundraising,2021-10-16T01:40:46+00:00,Trump-backed challengers to Republican lawmakers lag in fundraising,business,Investing.com | Stock Market Quotes &amp; Financial News
"News Roundup: Nigeria reject vaccine passports, Coca-Cola set to invest $1bn in Nigeria, Sparkle raises $3.1m seed round…",2021-10-16T01:38:01+00:00,"Nigeria, Others Reject Vaccine Passports for Air Travellers Nigeria has joined the rest of African countries to reject the idea of imposing vaccine passports on air travellers, stating that it amounts to discrimination. African Ministers of Aviation have described the proposal to impose vaccine passports for air travelers as unacceptable, saying it is tantamount to [&#8230;]",business,Businessday | News You Can Trust
Supernova Déjà-Vu: Astronomers Spot the Same Stellar Explosion Three Times – And Predict a Fourth Sighting in 16 Years,2021-10-16T01:19:23+00:00,An enormous amount of gravity from a cluster of distant galaxies causes space to curve so much that light from them is bent and emanated...The post Supernova Déjà-Vu: Astronomers Spot the Same Stellar Explosion Three Times – And Predict a Fourth Sighting in 16 Years appeared first on SciTechDaily.,science,Scitechdaily | Science Space And Technology News 2017
"Manchester City, Qualtrics sign deal to deepen football experience",2021-10-16T01:11:03+00:00,"2021 English Premier League champions, Manchester City football club, have announced a new partnership with Qualtrics, which will make Qualtrics the official experience management software partner of the club. Qualtrics empowers organizations to listen to customer and employee feedback, understand and analyze what they hear, then take action to improve experiences and design new ones. [&#8230;]",business,Businessday | News You Can Trust
"White House meets U.S. Chamber of Commerce, other industry groups on vaccine rule",2021-10-16T01:05:49+00:00,"White House meets U.S. Chamber of Commerce, other industry groups on vaccine rule",business,Investing.com | Stock Market Quotes &amp; Financial News
Circle Medical (YC S15) is hiring fullstack engineers to reimagine primary care,2021-10-16T01:00:29+00:00,Comments,technology,Hacker News
Biden’s clean electricity program could be dropped from spending bill – report,2021-10-16T01:00:25+00:00,"Major part of the Biden administration’s climate agenda will ‘likely’ be cut from the massive budget bill pending in Congress, New York Times reportsA central component to the Biden administration’s climate agenda could be dropped from the massive budget bill that is pending in Congress due to opposition from Senator Joe Manchin, according to a report in the New York Times on Friday.The White House will “likely” cut from its spending bill a program to replace coal- and gas-fired power plants in the US with wind, solar and nuclear energy, the Times reported, citing congressional...",politics,The Guardian
Use Anambra poll to test run electronic transmission of result- ADP tells INEC,2021-10-16T00:50:58+00:00,"The Action Democratic Party (ADP), has urged the Independent National Electoral Commission (INEC) to use the Nov.6 Anambra governorship poll to test run electronic transmission of results, ahead of the 2023 election. Yabaji Sani, national chairman, ADP made the appeal on Friday in Abuja during the inauguration of the party’s campaign council for the Anambra [&#8230;]",business,Businessday | News You Can Trust
Girl Child Day: Improved access to ICT is empowering the girl child – Abia First Lady,2021-10-16T00:50:48+00:00,"Nkechi Ikpeazu, wife of the governor of Abia State, has observed that there has been a slight improvement in the status of the girl child in some segments of society. She however, pointed out that things were far from being idyllic as a lot more needed to be done. While speaking during the event to [&#8230;]",business,Businessday | News You Can Trust
Design Week Lagos 2021 set to celebrate best contemporary African designs,2021-10-16T00:50:28+00:00,"Design Week Lagos (DWL), the leading design week in African is set to hold from 21st to 31st, October 2021 and will again present and celebrate the best in contemporary African design across categories while bringing international field leaders and visitors to experience the most exciting work from the region. Founded by African design advocate [&#8230;]",business,Businessday | News You Can Trust
Sean Penn's Wife Leila George Files For Divorce After 1 Year of Marriage,2021-10-16T00:31:49+00:00,"Sean Penn's actress wife just waved the white flag on their union ... because she filed for divorce after just over one year of marriage. Sean's wife, Australian actress Leila George, filed divorce docs Friday in Los Angeles County Superior Court&hellip;",entertainment,TMZ
Key to Biden's Climate Agenda Like to Be Cut Because of Manchin,2021-10-16T00:25:20+00:00,The West Virginia Democrat told the White House he is firmly against a clean electricity program that is the muscle behind the president’s plan to battle climate change.,science,The New York Times
Britney Spears says she wishes she 'lived in another country': 'I'm disgusted with the system',2021-10-16T00:11:40+00:00,"\"Toxic\" singer Britney Spears took to Instagram to share her plans for her life after her conservatorship, which includes staying gout of showbiz for a time.",entertainment,FOX News - Entertainment
Britney Spears Says Family Should Be Scared If She Gives Interviews,2021-10-16T00:01:52+00:00,Britney Spears is sending a thinly veiled warning to her father and the rest of her family ... she says they should be worried about what she might say about them to the media. Britney just opened up a bit about how her life is now that she can see&hellip;,entertainment,TMZ
U.S. to probe Texas air regulator’s rulings for racial bias,2021-10-15T23:49:29+00:00,"The U.S. Environmental Protection Agency on Friday said it would investigate the Texas air regulator over allegations of racial bias in rulings involving pollution in Black neighborhoods by a refinery waste recycler. The agency accepted a complaint against the state over its oversight of Port Arthur, Texas-based Oxbow Calcining, which produces petroleum coke from oil [&#8230;]",business,Financial Post | Canada Business News
"After seeing new leaked photos of the Pixel 6, I think I finally get the phone’s unusual design",2021-10-15T23:36:08+00:00,"The Pixel 6’s distinctive look is easy to spot at a distance. | Image: Evan Blass on Twitter We’re just a few days away from Google’s October 19th launch event for the Pixel 6 and Pixel 6 Pro, but if you want an early look at what to expect, you might want to check out this big thread of leaked images from prolific leaker Evan Blass. The thread includes what appear to be official renders of both phones, images of cases, and some photos of people using the phones — and it’s that last category of images that were the most interesting to me.Ever since early rumored renders of the Pixel 6...",technology,The Verge
Research Team Unlocks Secret Path to a Bright Quantum Future,2021-10-15T23:29:22+00:00,"Berkeley Lab-led research key to next-gen quantum computing and technologies. In 1998, researchers including Mark Kubinec of UC Berkeley performed one of the first simple...The post Research Team Unlocks Secret Path to a Bright Quantum Future appeared first on SciTechDaily.",science,Scitechdaily | Science Space And Technology News 2017
VC Lab introduces free fund formation documents to make startup investing cheaper and easier,2021-10-15T23:22:19+00:00,"There may be plenty of funding for some startups these days. But plenty of companies will tell you otherwise. VC Lab, an accelerator for venture capital firms, wants to create investors who will back the rest of the world. A basic hurdle to this goal is the standard paperwork you need to set up a [&#8230;]",technology,TechCrunch
"David F. Kennedy, Whose Ad Agency Put Nike on the Map, Dies at 82",2021-10-15T23:20:47+00:00,"Breaking from Madison Avenue tradition, he co-founded Wieden+Kennedy in Portland, Ore., one of the largest remaining independent agencies.that",business,The New York Times
China launches second crewed mission to build space station,2021-10-15T23:16:28+00:00,China launches second crewed mission to build space station,business,Investing.com | Stock Market Quotes &amp; Financial News
"'Defund the police' advocate Cori Bush drops another $65,000 into private security services",2021-10-15T23:11:56+00:00,"The new payments follow the nearly $70,000 Bush had spent on private security during the second quarter",politics,FOX News - Politics
Biden says those who refuse to testify in Jan 6 probe should be prosecuted,2021-10-15T23:10:47+00:00,Biden says those who refuse to testify in Jan 6 probe should be prosecuted,business,Investing.com | Stock Market Quotes &amp; Financial News
Jussie Smollett criminal trial to move forward after judge denies to dismiss case,2021-10-15T23:07:09+00:00,"An attorney for the former “Empire” actor said Smollett's rights were being violated since he had already performed community service and given up a $10,000 bond under a previous deal with Cook County prosecutors to drop charges.",entertainment,FOX News - Entertainment
Key to Biden’s Climate Agenda Likely to Be Cut Because of Manchin Opposition,2021-10-15T23:04:22+00:00,The West Virginia Democrat told the White House he is firmly against a clean electricity program that is the muscle behind the president’s plan to battle climate change.,science,The New York Times
Grant Thornton to charge more than £20m for Greensill administration,2021-10-15T23:01:14+00:00,Administrator’s fee forecast now represents close to 5 per cent of its entire UK annual revenues,business,Financial Times
The Pinterest whistleblower leading the charge against NDAs,2021-10-15T23:01:14+00:00,"After breaking a contract by speaking out on discrimination, Ifeoma Ozoma penned a law to help others do the same",business,Financial Times
Neat Burger raises money from SoftBank’s Misra at $70m valuation,2021-10-15T23:01:14+00:00,Tech executive leads fundraising round for Lewis Hamilton-backed vegan restaurant chain,business,Financial Times
New gene therapy that may help to regenerate lost limbs,2021-10-15T23:00:00+00:00,"A team of scientists has discovered a new gene therapy that could improve tissue regeneration in amputated limbs and spinal cords of humans. Researchers at USC have developed a gene therapy that has made lizards regenerate their amputated tails to the way they were when they were born, something they cannot do naturally. According to [&#8230;]The post New gene therapy that may help to regenerate lost limbs appeared first on Revyuh.",business,Revyuh Media
Competition Bureau in midst of new probe of Google over advertising dominance in Canada,2021-10-15T22:58:34+00:00,"The probe, in part, is looking at the 'circumstances and motivations for Google’s decision to withhold YouTube video ad inventory' from certain third parties beginning in 2016",business,Financial Post | Canada Business News
Apple worker says she was fired after leading movement against harassment,2021-10-15T22:56:47+00:00,Apple worker says she was fired after leading movement against harassment,business,Investing.com | Stock Market Quotes &amp; Financial News
U.S. to probe Texas air regulator's rulings for racial bias,2021-10-15T22:55:55+00:00,U.S. to probe Texas air regulator's rulings for racial bias,business,Investing.com | Stock Market Quotes &amp; Financial News
"Bill Clinton to remain in hospital overnight, his health is improving -spokesman",2021-10-15T22:50:47+00:00,"Bill Clinton to remain in hospital overnight, his health is improving -spokesman",business,Investing.com | Stock Market Quotes &amp; Financial News
US Treasury says ransomware payouts in 2021 could top entire past decade,2021-10-15T22:46:31+00:00,"Illustration by Alex Castro / The Verge The ransomware business is booming this year and could be bringing in billions for some of its top players, according to a report released by the US Treasury’s Financial Crimes Enforcement Network, or FinCEN (via The Record). The report analyzed the massive growth in ransomware payments in the first half of 2021 by looking at suspicious activity reports from financial institutions and was even able to estimate how much some hacking groups were making by analyzing blockchain transactions linked to their wallets.The report found that reports of suspicious...",technology,The Verge
Former President Clinton to stay in hospital Friday night,2021-10-15T22:35:43+00:00,"Orange, CA - A spokesperson for former President Bill Clinton says that he will remain hospitalized Friday night after checking into a hospital on Tuesday for a urological sepsis infection.",politics,FOX News - Politics
A miracle drug that may cut COVID death risk by up to 12% – study,2021-10-15T22:30:21+00:00,"A new study adds to the growing body of evidence that widely prescribed cholesterol drug statins may help reduce people&#8217;s chances of dying from Covid. More scientists are now siding with them, claiming that the low-cost pills could serve as a Covid preventive measure. Statins are one of the most commonly prescribed drugs in the [&#8230;]The post A miracle drug that may cut COVID death risk by up to 12% &#8211; study appeared first on Revyuh.",business,Revyuh Media
U.S. FDA declines to approve Revance's frown-line treatment,2021-10-15T22:20:48+00:00,U.S. FDA declines to approve Revance's frown-line treatment,business,Investing.com | Stock Market Quotes &amp; Financial News
Study reveals a surprising benefit of Cannabidiol (CBD) oil,2021-10-15T22:15:49+00:00,"Lung cancer is still the second leading cancer in the United States. Despite advancements in treatment, mortality rates remain low, hovering roughly 15% five years after diagnosis. Without therapy, the typical survival time is roughly 7 months. The findings published in BMJ Case Reports highlight the use of cannabidiol (&#8216;CBD&#8217;) oil as a potential lung [&#8230;]The post Study reveals a surprising benefit of Cannabidiol (CBD) oil appeared first on Revyuh.",business,Revyuh Media
Daily Crunch: Missouri governor threatens to prosecute local journalist for finding exposed state data,2021-10-15T22:10:12+00:00,"Hello friends and welcome to Daily Crunch, bringing you the most important startup, tech and venture capital news in a single package.",technology,TechCrunch
Space Station Emergency Prompted by Russian Thruster Firing,2021-10-15T22:02:08+00:00,"While the astronauts were said to not be in any danger, it was the second such incident since July.",science,The New York Times
Paragon 28 prices its IPO,2021-10-15T22:00:24+00:00,Paragon 28 prices its IPO,business,Seeking Alpha
AI Accurately Predicts Material Properties To Break Down a Previously Insurmountable Wall,2021-10-15T22:00:03+00:00,"If the properties of materials can be reliably predicted, then the process of developing new products for a huge range of industries can be streamlined...The post AI Accurately Predicts Material Properties To Break Down a Previously Insurmountable Wall appeared first on SciTechDaily.",science,Scitechdaily | Science Space And Technology News 2017
"McDonald’s is testing the McPlant, a Beyond Meat meatless burger",2021-10-15T21:49:14+00:00,"Photo by McDonald’s McDonald’s new plant-based burger, aptly named the McPlant, is coming to eight restaurants across the US (via CNBC). The fast-food chain teamed up with Beyond Meat to make the meatless option. This comes about a year after McDonald’s ended its P.L.T. pilot, another Beyond Meat branded burger.It’s still unclear what the differences are between the McPlant and the P.L.T., other than the name. A post on McDonald’s website says that the McPlant patty will contain peas, rice, and potatoes and will also be topped with tomatoes, lettuce, onions, pickles, mayonnaise...",technology,The Verge
Netflix fires worker who leaked financial info to Bloomberg,2021-10-15T21:47:13+00:00,"Netflix Inc. said Friday that it fired an employee who leaked financial information about its Dave Chapelle special to Bloomberg News, reports Joe Flint and Jennifer Calfas of The Wall Street Journal. Flint and Calfas report, &#8220;&#8216;We understand&#46;&#46;&#46;The post Netflix fires worker who leaked financial info to Bloomberg appeared first on Talking Biz News.",business,Talking Biz News
Return-to-office plans collide with shortage of key supplies,2021-10-15T21:46:46+00:00,Office managers are saying orders for breakroom refrigerators they need in January may not be fulfilled until next summer,business,Financial Post | Canada Business News
"California county says Marathon, Phillips projects may need to shrink due to environmental impact",2021-10-15T21:46:40+00:00,"California county says Marathon, Phillips projects may need to shrink due to environmental impact",business,Investing.com | Stock Market Quotes &amp; Financial News
Jack Dorsey says Square is ‘considering’ building a Bitcoin mining system,2021-10-15T21:42:44+00:00,"Jack Dorsey says that Square is “considering” building its own Bitcoin mining system using custom silicon and open source software. “Square is considering building a Bitcoin mining system based on custom silicon and open source for individuals and businesses worldwide,” Dorsey wrote in a Twitter thread Friday.He added that such a project would follow a similar approach as the bitcoin hardware wallet Square began working on earlier this summer. But building a mining system would be considerably more complicated for the payments company than simply building a wallet. Creating custom chips...",technology,Engadget
Biden aide Psaki may have violated ethics law -watchdog,2021-10-15T21:42:12+00:00,Biden aide Psaki may have violated ethics law -watchdog,business,Investing.com | Stock Market Quotes &amp; Financial News
"Biden administration struggles with cascading crises and controversies, from border to supply chain and more",2021-10-15T21:36:27+00:00,The leadership of several Biden administration departments is struggling to deal with the challenges confronting them.,politics,FOX News - Politics
PacWest Bancorp Q3 2021 Earnings Preview,2021-10-15T21:35:44+00:00,PacWest Bancorp Q3 2021 Earnings Preview,business,Seeking Alpha
"Argentina touts economic ‘roadmap’, IMF deal to investors in New York",2021-10-15T21:35:38+00:00,"NEW YORK &#8212; Argentine senior officials met with private investors in New York on Friday, touting a much sought-after economic &#8220;roadmap&#8221; for the embattled country and playing up the chances of a positive deal with the International Monetary Fund. The meeting, which also touched on Argentine politics, was attended by Economy Minister Martin Guzman and [&#8230;]",business,Financial Post | Canada Business News
